Proposed DU Name,DUID,Year,EFS
Anderson-Seton-ES,1,1950,NA
Anderson-Seton-ES,1,1951,NA
Anderson-Seton-ES,1,1952,NA
Anderson-Seton-ES,1,1953,NA
Anderson-Seton-ES,1,1954,18
Anderson-Seton-ES,1,1955,31
Anderson-Seton-ES,1,1956,4147
Anderson-Seton-ES,1,1957,429
Anderson-Seton-ES,1,1958,31
Anderson-Seton-ES,1,1959,370
Anderson-Seton-ES,1,1960,2772
Anderson-Seton-ES,1,1961,120
Anderson-Seton-ES,1,1962,68
Anderson-Seton-ES,1,1963,1068
Anderson-Seton-ES,1,1964,8206
Anderson-Seton-ES,1,1965,941
Anderson-Seton-ES,1,1966,30
Anderson-Seton-ES,1,1967,351
Anderson-Seton-ES,1,1968,3834
Anderson-Seton-ES,1,1969,360
Anderson-Seton-ES,1,1970,14
Anderson-Seton-ES,1,1971,115
Anderson-Seton-ES,1,1972,3128
Anderson-Seton-ES,1,1973,351
Anderson-Seton-ES,1,1974,37
Anderson-Seton-ES,1,1975,1246
Anderson-Seton-ES,1,1976,8820
Anderson-Seton-ES,1,1977,1174
Anderson-Seton-ES,1,1978,129
Anderson-Seton-ES,1,1979,1649
Anderson-Seton-ES,1,1980,11032
Anderson-Seton-ES,1,1981,1907
Anderson-Seton-ES,1,1982,439
Anderson-Seton-ES,1,1983,3055
Anderson-Seton-ES,1,1984,9148
Anderson-Seton-ES,1,1985,2032
Anderson-Seton-ES,1,1986,1880
Anderson-Seton-ES,1,1987,4105
Anderson-Seton-ES,1,1988,17841
Anderson-Seton-ES,1,1989,9795
Anderson-Seton-ES,1,1990,3304
Anderson-Seton-ES,1,1991,4618
Anderson-Seton-ES,1,1992,9224
Anderson-Seton-ES,1,1993,8780
Anderson-Seton-ES,1,1994,1706
Anderson-Seton-ES,1,1995,4533
Anderson-Seton-ES,1,1996,14139
Anderson-Seton-ES,1,1997,1877
Anderson-Seton-ES,1,1998,2442
Anderson-Seton-ES,1,1999,1765
Anderson-Seton-ES,1,2000,16571
Anderson-Seton-ES,1,2001,4007
Anderson-Seton-ES,1,2002,1144
Anderson-Seton-ES,1,2003,5036
Anderson-Seton-ES,1,2004,5483
Anderson-Seton-ES,1,2005,8851
Anderson-Seton-ES,1,2006,1456
Anderson-Seton-ES,1,2007,1079
Anderson-Seton-ES,1,2008,1752
Anderson-Seton-ES,1,2009,5274
Anderson-Seton-ES,1,2010,5903
Anderson-Seton-ES,1,2011,26433
Anderson-Seton-ES,1,2012,6899
Anderson-Seton-ES,1,2013,23004
Anderson-Seton-ES,1,2014,8456
Anderson-Seton-ES,1,2015,9643
Bowron-ES,2,1950,7298
Bowron-ES,2,1951,10040
Bowron-ES,2,1952,8568
Bowron-ES,2,1953,5734
Bowron-ES,2,1954,4566
Bowron-ES,2,1955,4472
Bowron-ES,2,1956,3639
Bowron-ES,2,1957,6416
Bowron-ES,2,1958,8297
Bowron-ES,2,1959,14614
Bowron-ES,2,1960,3506
Bowron-ES,2,1961,3675
Bowron-ES,2,1962,3219
Bowron-ES,2,1963,11467
Bowron-ES,2,1964,690
Bowron-ES,2,1965,1170
Bowron-ES,2,1966,1151
Bowron-ES,2,1967,13991
Bowron-ES,2,1968,1710
Bowron-ES,2,1969,1936
Bowron-ES,2,1970,497
Bowron-ES,2,1971,10761
Bowron-ES,2,1972,1969
Bowron-ES,2,1973,2012
Bowron-ES,2,1974,1046
Bowron-ES,2,1975,14735
Bowron-ES,2,1976,1069
Bowron-ES,2,1977,1214
Bowron-ES,2,1978,1678
Bowron-ES,2,1979,16178
Bowron-ES,2,1980,1376
Bowron-ES,2,1981,562
Bowron-ES,2,1982,990
Bowron-ES,2,1983,3484
Bowron-ES,2,1984,4909
Bowron-ES,2,1985,3030
Bowron-ES,2,1986,1396
Bowron-ES,2,1987,5660
Bowron-ES,2,1988,7405
Bowron-ES,2,1989,1367
Bowron-ES,2,1990,5065
Bowron-ES,2,1991,2460
Bowron-ES,2,1992,1117
Bowron-ES,2,1993,592
Bowron-ES,2,1994,1845
Bowron-ES,2,1995,13467
Bowron-ES,2,1996,4055
Bowron-ES,2,1997,2119
Bowron-ES,2,1998,2830
Bowron-ES,2,1999,3295
Bowron-ES,2,2000,6720
Bowron-ES,2,2001,2752
Bowron-ES,2,2002,4505
Bowron-ES,2,2003,3038
Bowron-ES,2,2004,458
Bowron-ES,2,2005,866
Bowron-ES,2,2006,636
Bowron-ES,2,2007,1075
Bowron-ES,2,2008,275
Bowron-ES,2,2009,1010
Bowron-ES,2,2010,4359
Bowron-ES,2,2011,2037
Bowron-ES,2,2012,30
Bowron-ES,2,2013,1924
Bowron-ES,2,2014,6252
Bowron-ES,2,2015,2211
Chilko-ES/Chilko-S,3,1950,6555
Chilko-ES/Chilko-S,3,1951,57563
Chilko-ES/Chilko-S,3,1952,233628
Chilko-ES/Chilko-S,3,1953,94471
Chilko-ES/Chilko-S,3,1954,21247
Chilko-ES/Chilko-S,3,1955,75834
Chilko-ES/Chilko-S,3,1956,368607
Chilko-ES/Chilko-S,3,1957,83128
Chilko-ES/Chilko-S,3,1958,70433
Chilko-ES/Chilko-S,3,1959,272891
Chilko-ES/Chilko-S,3,1960,244864
Chilko-ES/Chilko-S,3,1961,15038
Chilko-ES/Chilko-S,3,1962,42125
Chilko-ES/Chilko-S,3,1963,57207
Chilko-ES/Chilko-S,3,1964,131590
Chilko-ES/Chilko-S,3,1965,20813
Chilko-ES/Chilko-S,3,1966,107541
Chilko-ES/Chilko-S,3,1967,90006
Chilko-ES/Chilko-S,3,1968,181912
Chilko-ES/Chilko-S,3,1969,25519
Chilko-ES/Chilko-S,3,1970,50923
Chilko-ES/Chilko-S,3,1971,97365
Chilko-ES/Chilko-S,3,1972,332353
Chilko-ES/Chilko-S,3,1973,30231
Chilko-ES/Chilko-S,3,1974,71127
Chilko-ES/Chilko-S,3,1975,133782
Chilko-ES/Chilko-S,3,1976,228326
Chilko-ES/Chilko-S,3,1977,20385
Chilko-ES/Chilko-S,3,1978,85570
Chilko-ES/Chilko-S,3,1979,147920
Chilko-ES/Chilko-S,3,1980,293234
Chilko-ES/Chilko-S,3,1981,20164
Chilko-ES/Chilko-S,3,1982,142515
Chilko-ES/Chilko-S,3,1983,213715
Chilko-ES/Chilko-S,3,1984,283152
Chilko-ES/Chilko-S,3,1985,34979
Chilko-ES/Chilko-S,3,1986,165504
Chilko-ES/Chilko-S,3,1987,268111
Chilko-ES/Chilko-S,3,1988,206206
Chilko-ES/Chilko-S,3,1989,42811
Chilko-ES/Chilko-S,3,1990,497991
Chilko-ES/Chilko-S,3,1991,597537
Chilko-ES/Chilko-S,3,1992,319959
Chilko-ES/Chilko-S,3,1993,322298
Chilko-ES/Chilko-S,3,1994,253976
Chilko-ES/Chilko-S,3,1995,298027
Chilko-ES/Chilko-S,3,1996,504469
Chilko-ES/Chilko-S,3,1997,509298
Chilko-ES/Chilko-S,3,1998,467624
Chilko-ES/Chilko-S,3,1999,432565
Chilko-ES/Chilko-S,3,2000,395559
Chilko-ES/Chilko-S,3,2001,331244
Chilko-ES/Chilko-S,3,2002,215050
Chilko-ES/Chilko-S,3,2003,334896
Chilko-ES/Chilko-S,3,2004,49193
Chilko-ES/Chilko-S,3,2005,285065
Chilko-ES/Chilko-S,3,2006,261918
Chilko-ES/Chilko-S,3,2007,156518
Chilko-ES/Chilko-S,3,2008,68731
Chilko-ES/Chilko-S,3,2009,127367
Chilko-ES/Chilko-S,3,2010,1181540
Chilko-ES/Chilko-S,3,2011,457653
Chilko-ES/Chilko-S,3,2012,90758
Chilko-ES/Chilko-S,3,2013,624495
Chilko-ES/Chilko-S,3,2014,665987
Chilko-ES/Chilko-S,3,2015,429012
Chilliwack-ES,5,1950,NA
Chilliwack-ES,5,1951,NA
Chilliwack-ES,5,1952,NA
Chilliwack-ES,5,1953,NA
Chilliwack-ES,5,1954,NA
Chilliwack-ES,5,1955,NA
Chilliwack-ES,5,1956,NA
Chilliwack-ES,5,1957,NA
Chilliwack-ES,5,1958,NA
Chilliwack-ES,5,1959,NA
Chilliwack-ES,5,1960,NA
Chilliwack-ES,5,1961,NA
Chilliwack-ES,5,1962,NA
Chilliwack-ES,5,1963,NA
Chilliwack-ES,5,1964,NA
Chilliwack-ES,5,1965,NA
Chilliwack-ES,5,1966,NA
Chilliwack-ES,5,1967,NA
Chilliwack-ES,5,1968,NA
Chilliwack-ES,5,1969,NA
Chilliwack-ES,5,1970,NA
Chilliwack-ES,5,1971,NA
Chilliwack-ES,5,1972,NA
Chilliwack-ES,5,1973,NA
Chilliwack-ES,5,1974,NA
Chilliwack-ES,5,1975,NA
Chilliwack-ES,5,1976,NA
Chilliwack-ES,5,1977,NA
Chilliwack-ES,5,1978,NA
Chilliwack-ES,5,1979,NA
Chilliwack-ES,5,1980,NA
Chilliwack-ES,5,1981,NA
Chilliwack-ES,5,1982,NA
Chilliwack-ES,5,1983,NA
Chilliwack-ES,5,1984,NA
Chilliwack-ES,5,1985,NA
Chilliwack-ES,5,1986,NA
Chilliwack-ES,5,1987,NA
Chilliwack-ES,5,1988,NA
Chilliwack-ES,5,1989,NA
Chilliwack-ES,5,1990,NA
Chilliwack-ES,5,1991,NA
Chilliwack-ES,5,1992,NA
Chilliwack-ES,5,1993,NA
Chilliwack-ES,5,1994,NA
Chilliwack-ES,5,1995,NA
Chilliwack-ES,5,1996,NA
Chilliwack-ES,5,1997,NA
Chilliwack-ES,5,1998,NA
Chilliwack-ES,5,1999,NA
Chilliwack-ES,5,2000,4790
Chilliwack-ES,5,2001,13441
Chilliwack-ES,5,2002,2157
Chilliwack-ES,5,2003,2879
Chilliwack-ES,5,2004,20387
Chilliwack-ES,5,2005,1970
Chilliwack-ES,5,2006,565
Chilliwack-ES,5,2007,1071
Chilliwack-ES,5,2008,19718
Chilliwack-ES,5,2009,2355
Chilliwack-ES,5,2010,1502
Chilliwack-ES,5,2011,2466
Chilliwack-ES,5,2012,78730
Chilliwack-ES,5,2013,5433
Chilliwack-ES,5,2014,1744
Chilliwack-ES,5,2015,2966
Cultus-L,6,1950,29928
Cultus-L,6,1951,12677
Cultus-L,6,1952,17833
Cultus-L,6,1953,11543
Cultus-L,6,1954,22036
Cultus-L,6,1955,25922
Cultus-L,6,1956,13718
Cultus-L,6,1957,20375
Cultus-L,6,1958,13324
Cultus-L,6,1959,47779
Cultus-L,6,1960,17640
Cultus-L,6,1961,13396
Cultus-L,6,1962,26997
Cultus-L,6,1963,20303
Cultus-L,6,1964,11067
Cultus-L,6,1965,2455
Cultus-L,6,1966,16919
Cultus-L,6,1967,33198
Cultus-L,6,1968,25314
Cultus-L,6,1969,5942
Cultus-L,6,1970,13941
Cultus-L,6,1971,9128
Cultus-L,6,1972,10366
Cultus-L,6,1973,641
Cultus-L,6,1974,8984
Cultus-L,6,1975,11349
Cultus-L,6,1976,4435
Cultus-L,6,1977,82
Cultus-L,6,1978,5076
Cultus-L,6,1979,32031
Cultus-L,6,1980,1657
Cultus-L,6,1981,256
Cultus-L,6,1982,16725
Cultus-L,6,1983,19944
Cultus-L,6,1984,994
Cultus-L,6,1985,424
Cultus-L,6,1986,3256
Cultus-L,6,1987,32184
Cultus-L,6,1988,861
Cultus-L,6,1989,418
Cultus-L,6,1990,1860
Cultus-L,6,1991,20157
Cultus-L,6,1992,1203
Cultus-L,6,1993,1063
Cultus-L,6,1994,4399
Cultus-L,6,1995,10316
Cultus-L,6,1996,2022
Cultus-L,6,1997,88
Cultus-L,6,1998,1959
Cultus-L,6,1999,12392
Cultus-L,6,2000,1227
Cultus-L,6,2001,515
Cultus-L,6,2002,4873
Cultus-L,6,2003,1939
Cultus-L,6,2004,32
Cultus-L,6,2005,154
Cultus-L,6,2006,3386
Cultus-L,6,2007,444
Cultus-L,6,2008,56
Cultus-L,6,2009,101
Cultus-L,6,2010,3815
Cultus-L,6,2011,1830
Cultus-L,6,2012,23
Cultus-L,6,2013,594
Cultus-L,6,2014,2812
Cultus-L,6,2015,961
Francois-Fraser-S,7,1950,77410
Francois-Fraser-S,7,1951,51413
Francois-Fraser-S,7,1952,19920
Francois-Fraser-S,7,1953,20388
Francois-Fraser-S,7,1954,72273
Francois-Fraser-S,7,1955,29937
Francois-Fraser-S,7,1956,21686
Francois-Fraser-S,7,1957,18044
Francois-Fraser-S,7,1958,61581
Francois-Fraser-S,7,1959,41872
Francois-Fraser-S,7,1960,22718
Francois-Fraser-S,7,1961,18136
Francois-Fraser-S,7,1962,44532
Francois-Fraser-S,7,1963,41535
Francois-Fraser-S,7,1964,16161
Francois-Fraser-S,7,1965,20479
Francois-Fraser-S,7,1966,51509
Francois-Fraser-S,7,1967,32467
Francois-Fraser-S,7,1968,13680
Francois-Fraser-S,7,1969,25629
Francois-Fraser-S,7,1970,26727
Francois-Fraser-S,7,1971,20147
Francois-Fraser-S,7,1972,19938
Francois-Fraser-S,7,1973,15424
Francois-Fraser-S,7,1974,23718
Francois-Fraser-S,7,1975,68451
Francois-Fraser-S,7,1976,63865
Francois-Fraser-S,7,1977,10894
Francois-Fraser-S,7,1978,32528
Francois-Fraser-S,7,1979,152583
Francois-Fraser-S,7,1980,28477
Francois-Fraser-S,7,1981,12030
Francois-Fraser-S,7,1982,34888
Francois-Fraser-S,7,1983,61357
Francois-Fraser-S,7,1984,32672
Francois-Fraser-S,7,1985,21969
Francois-Fraser-S,7,1986,44564
Francois-Fraser-S,7,1987,98179
Francois-Fraser-S,7,1988,200537
Francois-Fraser-S,7,1989,15903
Francois-Fraser-S,7,1990,56537
Francois-Fraser-S,7,1991,54349
Francois-Fraser-S,7,1992,55138
Francois-Fraser-S,7,1993,42861
Francois-Fraser-S,7,1994,63584
Francois-Fraser-S,7,1995,41135
Francois-Fraser-S,7,1996,167624
Francois-Fraser-S,7,1997,23241
Francois-Fraser-S,7,1998,96961
Francois-Fraser-S,7,1999,66080
Francois-Fraser-S,7,2000,195386
Francois-Fraser-S,7,2001,61590
Francois-Fraser-S,7,2002,177618
Francois-Fraser-S,7,2003,43829
Francois-Fraser-S,7,2004,53755
Francois-Fraser-S,7,2005,102247
Francois-Fraser-S,7,2006,79834
Francois-Fraser-S,7,2007,19626
Francois-Fraser-S,7,2008,73798
Francois-Fraser-S,7,2009,15770
Francois-Fraser-S,7,2010,109383
Francois-Fraser-S,7,2011,25856
Francois-Fraser-S,7,2012,50572
Francois-Fraser-S,7,2013,54130
Francois-Fraser-S,7,2014,240406
Francois-Fraser-S,7,2015,47613
Harrison (D/S)-L,9,1950,11
Harrison (D/S)-L,9,1951,73
Harrison (D/S)-L,9,1952,2667
Harrison (D/S)-L,9,1953,65
Harrison (D/S)-L,9,1954,123
Harrison (D/S)-L,9,1955,84
Harrison (D/S)-L,9,1956,2816
Harrison (D/S)-L,9,1957,171
Harrison (D/S)-L,9,1958,1
Harrison (D/S)-L,9,1959,22
Harrison (D/S)-L,9,1960,2331
Harrison (D/S)-L,9,1961,175
Harrison (D/S)-L,9,1962,119
Harrison (D/S)-L,9,1963,33
Harrison (D/S)-L,9,1964,2208
Harrison (D/S)-L,9,1965,315
Harrison (D/S)-L,9,1966,145
Harrison (D/S)-L,9,1967,1
Harrison (D/S)-L,9,1968,479
Harrison (D/S)-L,9,1969,38
Harrison (D/S)-L,9,1970,106
Harrison (D/S)-L,9,1971,1
Harrison (D/S)-L,9,1972,921
Harrison (D/S)-L,9,1973,128
Harrison (D/S)-L,9,1974,435
Harrison (D/S)-L,9,1975,16
Harrison (D/S)-L,9,1976,633
Harrison (D/S)-L,9,1977,104
Harrison (D/S)-L,9,1978,694
Harrison (D/S)-L,9,1979,54
Harrison (D/S)-L,9,1980,171
Harrison (D/S)-L,9,1981,67
Harrison (D/S)-L,9,1982,894
Harrison (D/S)-L,9,1983,59
Harrison (D/S)-L,9,1984,56
Harrison (D/S)-L,9,1985,40
Harrison (D/S)-L,9,1986,1785
Harrison (D/S)-L,9,1987,280
Harrison (D/S)-L,9,1988,166
Harrison (D/S)-L,9,1989,33
Harrison (D/S)-L,9,1990,864
Harrison (D/S)-L,9,1991,1177
Harrison (D/S)-L,9,1992,1614
Harrison (D/S)-L,9,1993,745
Harrison (D/S)-L,9,1994,316
Harrison (D/S)-L,9,1995,646
Harrison (D/S)-L,9,1996,1561
Harrison (D/S)-L,9,1997,935
Harrison (D/S)-L,9,1998,2966
Harrison (D/S)-L,9,1999,499
Harrison (D/S)-L,9,2000,3595
Harrison (D/S)-L,9,2001,5790
Harrison (D/S)-L,9,2002,14406
Harrison (D/S)-L,9,2003,5805
Harrison (D/S)-L,9,2004,9617
Harrison (D/S)-L,9,2005,2837
Harrison (D/S)-L,9,2006,10433
Harrison (D/S)-L,9,2007,2461
Harrison (D/S)-L,9,2008,831
Harrison (D/S)-L,9,2009,3377
Harrison (D/S)-L,9,2010,5626
Harrison (D/S)-L,9,2011,2748
Harrison (D/S)-L,9,2012,948
Harrison (D/S)-L,9,2013,3724
Harrison (D/S)-L,9,2014,2969
Harrison (D/S)-L,9,2015,3933
Harrison (U/S)-L,10,1950,15680
Harrison (U/S)-L,10,1951,7702
Harrison (U/S)-L,10,1952,13175
Harrison (U/S)-L,10,1953,5142
Harrison (U/S)-L,10,1954,13754
Harrison (U/S)-L,10,1955,13037
Harrison (U/S)-L,10,1956,5893
Harrison (U/S)-L,10,1957,11111
Harrison (U/S)-L,10,1958,21770
Harrison (U/S)-L,10,1959,5023
Harrison (U/S)-L,10,1960,4059
Harrison (U/S)-L,10,1961,2336
Harrison (U/S)-L,10,1962,9403
Harrison (U/S)-L,10,1963,8848
Harrison (U/S)-L,10,1964,663
Harrison (U/S)-L,10,1965,7326
Harrison (U/S)-L,10,1966,9860
Harrison (U/S)-L,10,1967,10618
Harrison (U/S)-L,10,1968,2202
Harrison (U/S)-L,10,1969,30604
Harrison (U/S)-L,10,1970,5003
Harrison (U/S)-L,10,1971,2656
Harrison (U/S)-L,10,1972,15026
Harrison (U/S)-L,10,1973,24885
Harrison (U/S)-L,10,1974,28099
Harrison (U/S)-L,10,1975,16033
Harrison (U/S)-L,10,1976,28243
Harrison (U/S)-L,10,1977,28510
Harrison (U/S)-L,10,1978,42315
Harrison (U/S)-L,10,1979,25702
Harrison (U/S)-L,10,1980,43286
Harrison (U/S)-L,10,1981,22627
Harrison (U/S)-L,10,1982,115030
Harrison (U/S)-L,10,1983,27380
Harrison (U/S)-L,10,1984,30434
Harrison (U/S)-L,10,1985,22773
Harrison (U/S)-L,10,1986,41837
Harrison (U/S)-L,10,1987,30105
Harrison (U/S)-L,10,1988,27428
Harrison (U/S)-L,10,1989,10365
Harrison (U/S)-L,10,1990,8525
Harrison (U/S)-L,10,1991,18487
Harrison (U/S)-L,10,1992,28480
Harrison (U/S)-L,10,1993,34018
Harrison (U/S)-L,10,1994,30208
Harrison (U/S)-L,10,1995,10904
Harrison (U/S)-L,10,1996,26848
Harrison (U/S)-L,10,1997,10724
Harrison (U/S)-L,10,1998,29811
Harrison (U/S)-L,10,1999,13106
Harrison (U/S)-L,10,2000,2732
Harrison (U/S)-L,10,2001,8035
Harrison (U/S)-L,10,2002,36269
Harrison (U/S)-L,10,2003,24683
Harrison (U/S)-L,10,2004,13968
Harrison (U/S)-L,10,2005,23597
Harrison (U/S)-L,10,2006,13618
Harrison (U/S)-L,10,2007,15825
Harrison (U/S)-L,10,2008,617
Harrison (U/S)-L,10,2009,12871
Harrison (U/S)-L,10,2010,25328
Harrison (U/S)-L,10,2011,24535
Harrison (U/S)-L,10,2012,397
Harrison (U/S)-L,10,2013,15535
Harrison (U/S)-L,10,2014,10446
Harrison (U/S)-L,10,2015,1133
Harrison River (River-Type),23,1950,18216
Harrison River (River-Type),23,1951,13181
Harrison River (River-Type),23,1952,17215
Harrison River (River-Type),23,1953,7641
Harrison River (River-Type),23,1954,16869
Harrison River (River-Type),23,1955,3405
Harrison River (River-Type),23,1956,1266
Harrison River (River-Type),23,1957,1820
Harrison River (River-Type),23,1958,6404
Harrison River (River-Type),23,1959,17657
Harrison River (River-Type),23,1960,7076
Harrison River (River-Type),23,1961,21725
Harrison River (River-Type),23,1962,4155
Harrison River (River-Type),23,1963,9803
Harrison River (River-Type),23,1964,1101
Harrison River (River-Type),23,1965,7779
Harrison River (River-Type),23,1966,9295
Harrison River (River-Type),23,1967,12672
Harrison River (River-Type),23,1968,2854
Harrison River (River-Type),23,1969,7559
Harrison River (River-Type),23,1970,6471
Harrison River (River-Type),23,1971,1970
Harrison River (River-Type),23,1972,794
Harrison River (River-Type),23,1973,1571
Harrison River (River-Type),23,1974,8709
Harrison River (River-Type),23,1975,3381
Harrison River (River-Type),23,1976,2933
Harrison River (River-Type),23,1977,1374
Harrison River (River-Type),23,1978,10488
Harrison River (River-Type),23,1979,20234
Harrison River (River-Type),23,1980,2262
Harrison River (River-Type),23,1981,1788
Harrison River (River-Type),23,1982,4686
Harrison River (River-Type),23,1983,2132
Harrison River (River-Type),23,1984,689
Harrison River (River-Type),23,1985,1825
Harrison River (River-Type),23,1986,4145
Harrison River (River-Type),23,1987,2686
Harrison River (River-Type),23,1988,947
Harrison River (River-Type),23,1989,1997
Harrison River (River-Type),23,1990,1888
Harrison River (River-Type),23,1991,7958
Harrison River (River-Type),23,1992,172
Harrison River (River-Type),23,1993,2271
Harrison River (River-Type),23,1994,6087
Harrison River (River-Type),23,1995,6758
Harrison River (River-Type),23,1996,8255
Harrison River (River-Type),23,1997,1084
Harrison River (River-Type),23,1998,3012
Harrison River (River-Type),23,1999,5592
Harrison River (River-Type),23,2000,1745
Harrison River (River-Type),23,2001,8335
Harrison River (River-Type),23,2002,24384
Harrison River (River-Type),23,2003,6043
Harrison River (River-Type),23,2004,986
Harrison River (River-Type),23,2005,211547
Harrison River (River-Type),23,2006,90944
Harrison River (River-Type),23,2007,57444
Harrison River (River-Type),23,2008,4409
Harrison River (River-Type),23,2009,100603
Harrison River (River-Type),23,2010,399661
Harrison River (River-Type),23,2011,387080
Harrison River (River-Type),23,2012,32895
Harrison River (River-Type),23,2013,78023
Harrison River (River-Type),23,2014,238373
Harrison River (River-Type),23,2015,58297
Kamloops-ES,11,1950,1917
Kamloops-ES,11,1951,3364
Kamloops-ES,11,1952,5116
Kamloops-ES,11,1953,3600
Kamloops-ES,11,1954,5352
Kamloops-ES,11,1955,2905
Kamloops-ES,11,1956,5179
Kamloops-ES,11,1957,3314
Kamloops-ES,11,1958,6235
Kamloops-ES,11,1959,5232
Kamloops-ES,11,1960,2252
Kamloops-ES,11,1961,3014
Kamloops-ES,11,1962,4197
Kamloops-ES,11,1963,2693
Kamloops-ES,11,1964,2666
Kamloops-ES,11,1965,2669
Kamloops-ES,11,1966,2666
Kamloops-ES,11,1967,358
Kamloops-ES,11,1968,3455
Kamloops-ES,11,1969,2577
Kamloops-ES,11,1970,1205
Kamloops-ES,11,1971,223
Kamloops-ES,11,1972,4507
Kamloops-ES,11,1973,1345
Kamloops-ES,11,1974,1479
Kamloops-ES,11,1975,1391
Kamloops-ES,11,1976,3976
Kamloops-ES,11,1977,198
Kamloops-ES,11,1978,1343
Kamloops-ES,11,1979,693
Kamloops-ES,11,1980,2056
Kamloops-ES,11,1981,312
Kamloops-ES,11,1982,1533
Kamloops-ES,11,1983,1821
Kamloops-ES,11,1984,6701
Kamloops-ES,11,1985,1922
Kamloops-ES,11,1986,1080
Kamloops-ES,11,1987,723
Kamloops-ES,11,1988,9207
Kamloops-ES,11,1989,925
Kamloops-ES,11,1990,412
Kamloops-ES,11,1991,264
Kamloops-ES,11,1992,4112
Kamloops-ES,11,1993,2934
Kamloops-ES,11,1994,800
Kamloops-ES,11,1995,682
Kamloops-ES,11,1996,21381
Kamloops-ES,11,1997,2367
Kamloops-ES,11,1998,3585
Kamloops-ES,11,1999,3499
Kamloops-ES,11,2000,27668
Kamloops-ES,11,2001,16025
Kamloops-ES,11,2002,8402
Kamloops-ES,11,2003,4890
Kamloops-ES,11,2004,3244
Kamloops-ES,11,2005,16967
Kamloops-ES,11,2006,3442
Kamloops-ES,11,2007,8064
Kamloops-ES,11,2008,3562
Kamloops-ES,11,2009,6039
Kamloops-ES,11,2010,2389
Kamloops-ES,11,2011,4430
Kamloops-ES,11,2012,1710
Kamloops-ES,11,2013,9045
Kamloops-ES,11,2014,9471
Kamloops-ES,11,2015,8794
Lillooet-Harrison-L,12,1950,41370
Lillooet-Harrison-L,12,1951,13589
Lillooet-Harrison-L,12,1952,24744
Lillooet-Harrison-L,12,1953,16287
Lillooet-Harrison-L,12,1954,8635
Lillooet-Harrison-L,12,1955,8185
Lillooet-Harrison-L,12,1956,27156
Lillooet-Harrison-L,12,1957,7068
Lillooet-Harrison-L,12,1958,5510
Lillooet-Harrison-L,12,1959,11388
Lillooet-Harrison-L,12,1960,19198
Lillooet-Harrison-L,12,1961,10550
Lillooet-Harrison-L,12,1962,14311
Lillooet-Harrison-L,12,1963,20769
Lillooet-Harrison-L,12,1964,27978
Lillooet-Harrison-L,12,1965,9769
Lillooet-Harrison-L,12,1966,13462
Lillooet-Harrison-L,12,1967,17580
Lillooet-Harrison-L,12,1968,31042
Lillooet-Harrison-L,12,1969,14324
Lillooet-Harrison-L,12,1970,19252
Lillooet-Harrison-L,12,1971,16143
Lillooet-Harrison-L,12,1972,26202
Lillooet-Harrison-L,12,1973,28374
Lillooet-Harrison-L,12,1974,85495
Lillooet-Harrison-L,12,1975,19653
Lillooet-Harrison-L,12,1976,50023
Lillooet-Harrison-L,12,1977,12799
Lillooet-Harrison-L,12,1978,48158
Lillooet-Harrison-L,12,1979,35168
Lillooet-Harrison-L,12,1980,32786
Lillooet-Harrison-L,12,1981,27175
Lillooet-Harrison-L,12,1982,72353
Lillooet-Harrison-L,12,1983,21069
Lillooet-Harrison-L,12,1984,23226
Lillooet-Harrison-L,12,1985,5757
Lillooet-Harrison-L,12,1986,197841
Lillooet-Harrison-L,12,1987,89492
Lillooet-Harrison-L,12,1988,75537
Lillooet-Harrison-L,12,1989,15690
Lillooet-Harrison-L,12,1990,97108
Lillooet-Harrison-L,12,1991,152077
Lillooet-Harrison-L,12,1992,93445
Lillooet-Harrison-L,12,1993,151089
Lillooet-Harrison-L,12,1994,22315
Lillooet-Harrison-L,12,1995,18407
Lillooet-Harrison-L,12,1996,27824
Lillooet-Harrison-L,12,1997,23274
Lillooet-Harrison-L,12,1998,172997
Lillooet-Harrison-L,12,1999,26220
Lillooet-Harrison-L,12,2000,8333
Lillooet-Harrison-L,12,2001,28361
Lillooet-Harrison-L,12,2002,NA
Lillooet-Harrison-L,12,2003,152657
Lillooet-Harrison-L,12,2004,17516
Lillooet-Harrison-L,12,2005,27117
Lillooet-Harrison-L,12,2006,137365
Lillooet-Harrison-L,12,2007,54290
Lillooet-Harrison-L,12,2008,6788
Lillooet-Harrison-L,12,2009,34475
Lillooet-Harrison-L,12,2010,67762
Lillooet-Harrison-L,12,2011,92420
Lillooet-Harrison-L,12,2012,2505
Lillooet-Harrison-L,12,2013,46794
Lillooet-Harrison-L,12,2014,19610
Lillooet-Harrison-L,12,2015,26687
Nadina-Francois-ES,8,1950,1254
Nadina-Francois-ES,8,1951,130
Nadina-Francois-ES,8,1952,498
Nadina-Francois-ES,8,1953,18382
Nadina-Francois-ES,8,1954,1219
Nadina-Francois-ES,8,1955,141
Nadina-Francois-ES,8,1956,729
Nadina-Francois-ES,8,1957,28364
Nadina-Francois-ES,8,1958,388
Nadina-Francois-ES,8,1959,624
Nadina-Francois-ES,8,1960,938
Nadina-Francois-ES,8,1961,9842
Nadina-Francois-ES,8,1962,1173
Nadina-Francois-ES,8,1963,3478
Nadina-Francois-ES,8,1964,1000
Nadina-Francois-ES,8,1965,7385
Nadina-Francois-ES,8,1966,997
Nadina-Francois-ES,8,1967,4667
Nadina-Francois-ES,8,1968,1061
Nadina-Francois-ES,8,1969,19879
Nadina-Francois-ES,8,1970,2177
Nadina-Francois-ES,8,1971,8535
Nadina-Francois-ES,8,1972,1778
Nadina-Francois-ES,8,1973,10726
Nadina-Francois-ES,8,1974,2072
Nadina-Francois-ES,8,1975,8655
Nadina-Francois-ES,8,1976,898
Nadina-Francois-ES,8,1977,10085
Nadina-Francois-ES,8,1978,1527
Nadina-Francois-ES,8,1979,21272
Nadina-Francois-ES,8,1980,1603
Nadina-Francois-ES,8,1981,11363
Nadina-Francois-ES,8,1982,1423
Nadina-Francois-ES,8,1983,15945
Nadina-Francois-ES,8,1984,3847
Nadina-Francois-ES,8,1985,7731
Nadina-Francois-ES,8,1986,2051
Nadina-Francois-ES,8,1987,15643
Nadina-Francois-ES,8,1988,4514
Nadina-Francois-ES,8,1989,2653
Nadina-Francois-ES,8,1990,3405
Nadina-Francois-ES,8,1991,33387
Nadina-Francois-ES,8,1992,2355
Nadina-Francois-ES,8,1993,4797
Nadina-Francois-ES,8,1994,1077
Nadina-Francois-ES,8,1995,8452
Nadina-Francois-ES,8,1996,18036
Nadina-Francois-ES,8,1997,2624
Nadina-Francois-ES,8,1998,1983
Nadina-Francois-ES,8,1999,5026
Nadina-Francois-ES,8,2000,65446
Nadina-Francois-ES,8,2001,17875
Nadina-Francois-ES,8,2002,1031
Nadina-Francois-ES,8,2003,1677
Nadina-Francois-ES,8,2004,13773
Nadina-Francois-ES,8,2005,12141
Nadina-Francois-ES,8,2006,4487
Nadina-Francois-ES,8,2007,1006
Nadina-Francois-ES,8,2008,10169
Nadina-Francois-ES,8,2009,3718
Nadina-Francois-ES,8,2010,11892
Nadina-Francois-ES,8,2011,1195
Nadina-Francois-ES,8,2012,16766
Nadina-Francois-ES,8,2013,7129
Nadina-Francois-ES,8,2014,30742
Nadina-Francois-ES,8,2015,9411
Nahatlach-ES,13,1950,NA
Nahatlach-ES,13,1951,NA
Nahatlach-ES,13,1952,NA
Nahatlach-ES,13,1953,NA
Nahatlach-ES,13,1954,NA
Nahatlach-ES,13,1955,NA
Nahatlach-ES,13,1956,NA
Nahatlach-ES,13,1957,NA
Nahatlach-ES,13,1958,NA
Nahatlach-ES,13,1959,NA
Nahatlach-ES,13,1960,NA
Nahatlach-ES,13,1961,NA
Nahatlach-ES,13,1962,NA
Nahatlach-ES,13,1963,NA
Nahatlach-ES,13,1964,NA
Nahatlach-ES,13,1965,NA
Nahatlach-ES,13,1966,NA
Nahatlach-ES,13,1967,NA
Nahatlach-ES,13,1968,NA
Nahatlach-ES,13,1969,NA
Nahatlach-ES,13,1970,NA
Nahatlach-ES,13,1971,NA
Nahatlach-ES,13,1972,NA
Nahatlach-ES,13,1973,NA
Nahatlach-ES,13,1974,NA
Nahatlach-ES,13,1975,2088
Nahatlach-ES,13,1976,1417
Nahatlach-ES,13,1977,309
Nahatlach-ES,13,1978,472
Nahatlach-ES,13,1979,1054
Nahatlach-ES,13,1980,661
Nahatlach-ES,13,1981,389
Nahatlach-ES,13,1982,1367
Nahatlach-ES,13,1983,1230
Nahatlach-ES,13,1984,716
Nahatlach-ES,13,1985,629
Nahatlach-ES,13,1986,4400
Nahatlach-ES,13,1987,6419
Nahatlach-ES,13,1988,9495
Nahatlach-ES,13,1989,2258
Nahatlach-ES,13,1990,4080
Nahatlach-ES,13,1991,1378
Nahatlach-ES,13,1992,2287
Nahatlach-ES,13,1993,1222
Nahatlach-ES,13,1994,3686
Nahatlach-ES,13,1995,953
Nahatlach-ES,13,1996,6728
Nahatlach-ES,13,1997,4538
Nahatlach-ES,13,1998,3185
Nahatlach-ES,13,1999,1404
Nahatlach-ES,13,2000,2205
Nahatlach-ES,13,2001,2432
Nahatlach-ES,13,2002,3459
Nahatlach-ES,13,2003,1960
Nahatlach-ES,13,2004,584
Nahatlach-ES,13,2005,1290
Nahatlach-ES,13,2006,939
Nahatlach-ES,13,2007,2021
Nahatlach-ES,13,2008,151
Nahatlach-ES,13,2009,740
Nahatlach-ES,13,2010,2894
Nahatlach-ES,13,2011,3455
Nahatlach-ES,13,2012,1140
Nahatlach-ES,13,2013,800
Nahatlach-ES,13,2014,2059
Nahatlach-ES,13,2015,1355
North Barriere-ES,14,1950,NA
North Barriere-ES,14,1951,NA
North Barriere-ES,14,1952,NA
North Barriere-ES,14,1953,NA
North Barriere-ES,14,1954,NA
North Barriere-ES,14,1955,NA
North Barriere-ES,14,1956,NA
North Barriere-ES,14,1957,NA
North Barriere-ES,14,1958,NA
North Barriere-ES,14,1959,NA
North Barriere-ES,14,1960,NA
North Barriere-ES,14,1961,NA
North Barriere-ES,14,1962,NA
North Barriere-ES,14,1963,NA
North Barriere-ES,14,1964,NA
North Barriere-ES,14,1965,NA
North Barriere-ES,14,1966,NA
North Barriere-ES,14,1967,294
North Barriere-ES,14,1968,577
North Barriere-ES,14,1969,22
North Barriere-ES,14,1970,5
North Barriere-ES,14,1971,306
North Barriere-ES,14,1972,1030
North Barriere-ES,14,1973,83
North Barriere-ES,14,1974,70
North Barriere-ES,14,1975,2181
North Barriere-ES,14,1976,2373
North Barriere-ES,14,1977,174
North Barriere-ES,14,1978,46
North Barriere-ES,14,1979,8046
North Barriere-ES,14,1980,4413
North Barriere-ES,14,1981,1067
North Barriere-ES,14,1982,656
North Barriere-ES,14,1983,2596
North Barriere-ES,14,1984,6291
North Barriere-ES,14,1985,696
North Barriere-ES,14,1986,3323
North Barriere-ES,14,1987,9212
North Barriere-ES,14,1988,13098
North Barriere-ES,14,1989,2813
North Barriere-ES,14,1990,6702
North Barriere-ES,14,1991,11894
North Barriere-ES,14,1992,5960
North Barriere-ES,14,1993,4928
North Barriere-ES,14,1994,3508
North Barriere-ES,14,1995,5986
North Barriere-ES,14,1996,15198
North Barriere-ES,14,1997,4326
North Barriere-ES,14,1998,4966
North Barriere-ES,14,1999,3333
North Barriere-ES,14,2000,4625
North Barriere-ES,14,2001,3302
North Barriere-ES,14,2002,4847
North Barriere-ES,14,2003,5226
North Barriere-ES,14,2004,1568
North Barriere-ES,14,2005,2762
North Barriere-ES,14,2006,8038
North Barriere-ES,14,2007,6782
North Barriere-ES,14,2008,210
North Barriere-ES,14,2009,715
North Barriere-ES,14,2010,5493
North Barriere-ES,14,2011,4451
North Barriere-ES,14,2012,744
North Barriere-ES,14,2013,1944
North Barriere-ES,14,2014,6693
North Barriere-ES,14,2015,910
Pitt-ES,15,1950,13313
Pitt-ES,15,1951,17922
Pitt-ES,15,1952,21904
Pitt-ES,15,1953,9303
Pitt-ES,15,1954,8332
Pitt-ES,15,1955,11221
Pitt-ES,15,1956,11107
Pitt-ES,15,1957,5130
Pitt-ES,15,1958,6658
Pitt-ES,15,1959,6096
Pitt-ES,15,1960,11297
Pitt-ES,15,1961,5324
Pitt-ES,15,1962,8017
Pitt-ES,15,1963,4739
Pitt-ES,15,1964,5202
Pitt-ES,15,1965,2596
Pitt-ES,15,1966,9537
Pitt-ES,15,1967,3756
Pitt-ES,15,1968,7209
Pitt-ES,15,1969,10356
Pitt-ES,15,1970,2504
Pitt-ES,15,1971,5924
Pitt-ES,15,1972,5433
Pitt-ES,15,1973,4146
Pitt-ES,15,1974,7826
Pitt-ES,15,1975,19589
Pitt-ES,15,1976,18213
Pitt-ES,15,1977,6492
Pitt-ES,15,1978,12685
Pitt-ES,15,1979,19140
Pitt-ES,15,1980,7737
Pitt-ES,15,1981,11878
Pitt-ES,15,1982,4296
Pitt-ES,15,1983,8624
Pitt-ES,15,1984,7393
Pitt-ES,15,1985,1547
Pitt-ES,15,1986,10896
Pitt-ES,15,1987,4503
Pitt-ES,15,1988,17458
Pitt-ES,15,1989,7891
Pitt-ES,15,1990,4316
Pitt-ES,15,1991,10867
Pitt-ES,15,1992,2890
Pitt-ES,15,1993,9722
Pitt-ES,15,1994,2492
Pitt-ES,15,1995,2352
Pitt-ES,15,1996,19938
Pitt-ES,15,1997,15262
Pitt-ES,15,1998,47611
Pitt-ES,15,1999,17849
Pitt-ES,15,2000,17015
Pitt-ES,15,2001,73067
Pitt-ES,15,2002,38128
Pitt-ES,15,2003,39200
Pitt-ES,15,2004,33226
Pitt-ES,15,2005,33123
Pitt-ES,15,2006,20635
Pitt-ES,15,2007,19268
Pitt-ES,15,2008,5742
Pitt-ES,15,2009,18159
Pitt-ES,15,2010,8081
Pitt-ES,15,2011,29798
Pitt-ES,15,2012,40755
Pitt-ES,15,2013,29617
Pitt-ES,15,2014,13842
Pitt-ES,15,2015,17737
Quesnel-S,16,1950,264
Quesnel-S,16,1951,9
Quesnel-S,16,1952,51
Quesnel-S,16,1953,47564
Quesnel-S,16,1954,146
Quesnel-S,16,1955,30
Quesnel-S,16,1956,39
Quesnel-S,16,1957,132852
Quesnel-S,16,1958,1269
Quesnel-S,16,1959,29
Quesnel-S,16,1960,123
Quesnel-S,16,1961,69950
Quesnel-S,16,1962,566
Quesnel-S,16,1963,40
Quesnel-S,16,1964,159
Quesnel-S,16,1965,105342
Quesnel-S,16,1966,1040
Quesnel-S,16,1967,24
Quesnel-S,16,1968,462
Quesnel-S,16,1969,76565
Quesnel-S,16,1970,388
Quesnel-S,16,1971,16
Quesnel-S,16,1972,46
Quesnel-S,16,1973,112414
Quesnel-S,16,1974,2587
Quesnel-S,16,1975,105
Quesnel-S,16,1976,209
Quesnel-S,16,1977,160497
Quesnel-S,16,1978,4349
Quesnel-S,16,1979,238
Quesnel-S,16,1980,98
Quesnel-S,16,1981,329583
Quesnel-S,16,1982,20035
Quesnel-S,16,1983,1098
Quesnel-S,16,1984,551
Quesnel-S,16,1985,691861
Quesnel-S,16,1986,94649
Quesnel-S,16,1987,11238
Quesnel-S,16,1988,4185
Quesnel-S,16,1989,940641
Quesnel-S,16,1990,258399
Quesnel-S,16,1991,24928
Quesnel-S,16,1992,4255
Quesnel-S,16,1993,1489058
Quesnel-S,16,1994,353264
Quesnel-S,16,1995,116867
Quesnel-S,16,1996,21719
Quesnel-S,16,1997,885434
Quesnel-S,16,1998,527427
Quesnel-S,16,1999,106100
Quesnel-S,16,2000,36957
Quesnel-S,16,2001,1671802
Quesnel-S,16,2002,1757929
Quesnel-S,16,2003,146407
Quesnel-S,16,2004,6534
Quesnel-S,16,2005,816566
Quesnel-S,16,2006,87614
Quesnel-S,16,2007,33004
Quesnel-S,16,2008,2459
Quesnel-S,16,2009,79915
Quesnel-S,16,2010,127648
Quesnel-S,16,2011,16690
Quesnel-S,16,2012,95
Quesnel-S,16,2013,91714
Quesnel-S,16,2014,429711
Quesnel-S,16,2015,25749
Seton-L,17,1950,NA
Seton-L,17,1951,NA
Seton-L,17,1952,NA
Seton-L,17,1953,NA
Seton-L,17,1954,NA
Seton-L,17,1955,NA
Seton-L,17,1956,NA
Seton-L,17,1957,NA
Seton-L,17,1958,NA
Seton-L,17,1959,NA
Seton-L,17,1960,NA
Seton-L,17,1961,NA
Seton-L,17,1962,NA
Seton-L,17,1963,NA
Seton-L,17,1964,NA
Seton-L,17,1965,589
Seton-L,17,1966,15201
Seton-L,17,1967,1983
Seton-L,17,1968,50
Seton-L,17,1969,491
Seton-L,17,1970,2139
Seton-L,17,1971,155
Seton-L,17,1972,98
Seton-L,17,1973,1688
Seton-L,17,1974,4843
Seton-L,17,1975,1631
Seton-L,17,1976,753
Seton-L,17,1977,3923
Seton-L,17,1978,3963
Seton-L,17,1979,2023
Seton-L,17,1980,996
Seton-L,17,1981,2951
Seton-L,17,1982,11734
Seton-L,17,1983,4909
Seton-L,17,1984,941
Seton-L,17,1985,960
Seton-L,17,1986,6213
Seton-L,17,1987,3766
Seton-L,17,1988,784
Seton-L,17,1989,5067
Seton-L,17,1990,8415
Seton-L,17,1991,7292
Seton-L,17,1992,1378
Seton-L,17,1993,9829
Seton-L,17,1994,3890
Seton-L,17,1995,4319
Seton-L,17,1996,1759
Seton-L,17,1997,5056
Seton-L,17,1998,11873
Seton-L,17,1999,2079
Seton-L,17,2000,671
Seton-L,17,2001,1851
Seton-L,17,2002,8001
Seton-L,17,2003,3179
Seton-L,17,2004,778
Seton-L,17,2005,8261
Seton-L,17,2006,10971
Seton-L,17,2007,849
Seton-L,17,2008,63
Seton-L,17,2009,792
Seton-L,17,2010,26687
Seton-L,17,2011,330
Seton-L,17,2012,13
Seton-L,17,2013,4181
Seton-L,17,2014,12327
Seton-L,17,2015,17
Shuswap-ES,19,1950,4716
Shuswap-ES,19,1951,11504
Shuswap-ES,19,1952,2790
Shuswap-ES,19,1953,3687
Shuswap-ES,19,1954,12463
Shuswap-ES,19,1955,5178
Shuswap-ES,19,1956,1110
Shuswap-ES,19,1957,8319
Shuswap-ES,19,1958,44285
Shuswap-ES,19,1959,25473
Shuswap-ES,19,1960,1862
Shuswap-ES,19,1961,2252
Shuswap-ES,19,1962,27412
Shuswap-ES,19,1963,26742
Shuswap-ES,19,1964,1321
Shuswap-ES,19,1965,3327
Shuswap-ES,19,1966,13179
Shuswap-ES,19,1967,7264
Shuswap-ES,19,1968,2064
Shuswap-ES,19,1969,4593
Shuswap-ES,19,1970,3745
Shuswap-ES,19,1971,9463
Shuswap-ES,19,1972,1418
Shuswap-ES,19,1973,4116
Shuswap-ES,19,1974,25371
Shuswap-ES,19,1975,15756
Shuswap-ES,19,1976,4918
Shuswap-ES,19,1977,9585
Shuswap-ES,19,1978,31848
Shuswap-ES,19,1979,24866
Shuswap-ES,19,1980,4678
Shuswap-ES,19,1981,12241
Shuswap-ES,19,1982,29763
Shuswap-ES,19,1983,14147
Shuswap-ES,19,1984,9413
Shuswap-ES,19,1985,4120
Shuswap-ES,19,1986,68316
Shuswap-ES,19,1987,42228
Shuswap-ES,19,1988,8712
Shuswap-ES,19,1989,6792
Shuswap-ES,19,1990,142645
Shuswap-ES,19,1991,65336
Shuswap-ES,19,1992,4971
Shuswap-ES,19,1993,8209
Shuswap-ES,19,1994,45863
Shuswap-ES,19,1995,31711
Shuswap-ES,19,1996,11795
Shuswap-ES,19,1997,2251
Shuswap-ES,19,1998,31549
Shuswap-ES,19,1999,12106
Shuswap-ES,19,2000,13592
Shuswap-ES,19,2001,5079
Shuswap-ES,19,2002,105840
Shuswap-ES,19,2003,20960
Shuswap-ES,19,2004,1194
Shuswap-ES,19,2005,5012
Shuswap-ES,19,2006,130518
Shuswap-ES,19,2007,10663
Shuswap-ES,19,2008,450
Shuswap-ES,19,2009,5758
Shuswap-ES,19,2010,561401
Shuswap-ES,19,2011,20445
Shuswap-ES,19,2012,942
Shuswap-ES,19,2013,24840
Shuswap-ES,19,2014,126175
Shuswap-ES,19,2015,7495
Shuswap Complex-L,18,1950,583028
Shuswap Complex-L,18,1951,84499
Shuswap Complex-L,18,1952,4211
Shuswap Complex-L,18,1953,1623
Shuswap Complex-L,18,1954,1067594
Shuswap Complex-L,18,1955,44933
Shuswap Complex-L,18,1956,2103
Shuswap Complex-L,18,1957,1648
Shuswap Complex-L,18,1958,1128919
Shuswap Complex-L,18,1959,89856
Shuswap Complex-L,18,1960,1322
Shuswap Complex-L,18,1961,854
Shuswap Complex-L,18,1962,652027
Shuswap Complex-L,18,1963,80773
Shuswap Complex-L,18,1964,345
Shuswap Complex-L,18,1965,1332
Shuswap Complex-L,18,1966,661832
Shuswap Complex-L,18,1967,402470
Shuswap Complex-L,18,1968,2713
Shuswap Complex-L,18,1969,3166
Shuswap Complex-L,18,1970,787238
Shuswap Complex-L,18,1971,159183
Shuswap Complex-L,18,1972,2155
Shuswap Complex-L,18,1973,2467
Shuswap Complex-L,18,1974,618842
Shuswap Complex-L,18,1975,85541
Shuswap Complex-L,18,1976,3072
Shuswap Complex-L,18,1977,6027
Shuswap Complex-L,18,1978,1013562
Shuswap Complex-L,18,1979,161997
Shuswap Complex-L,18,1980,1817
Shuswap Complex-L,18,1981,5950
Shuswap Complex-L,18,1982,1562756
Shuswap Complex-L,18,1983,100273
Shuswap Complex-L,18,1984,2403
Shuswap Complex-L,18,1985,813
Shuswap Complex-L,18,1986,1064429
Shuswap Complex-L,18,1987,310403
Shuswap Complex-L,18,1988,3556
Shuswap Complex-L,18,1989,381
Shuswap Complex-L,18,1990,1732456
Shuswap Complex-L,18,1991,612776
Shuswap Complex-L,18,1992,6640
Shuswap Complex-L,18,1993,751
Shuswap Complex-L,18,1994,662249
Shuswap Complex-L,18,1995,209540
Shuswap Complex-L,18,1996,5493
Shuswap Complex-L,18,1997,597
Shuswap Complex-L,18,1998,677870
Shuswap Complex-L,18,1999,138196
Shuswap Complex-L,18,2000,164
Shuswap Complex-L,18,2001,2137
Shuswap Complex-L,18,2002,2818621
Shuswap Complex-L,18,2003,189352
Shuswap Complex-L,18,2004,2234
Shuswap Complex-L,18,2005,11758
Shuswap Complex-L,18,2006,1163018
Shuswap Complex-L,18,2007,32205
Shuswap Complex-L,18,2008,83
Shuswap Complex-L,18,2009,20133
Shuswap Complex-L,18,2010,3047495
Shuswap Complex-L,18,2011,45986
Shuswap Complex-L,18,2012,6
Shuswap Complex-L,18,2013,87867
Shuswap Complex-L,18,2014,1042802
Shuswap Complex-L,18,2015,3175
Takla-Trembleur-ESTu,20,1950,26848
Takla-Trembleur-ESTu,20,1951,29927
Takla-Trembleur-ESTu,20,1952,15688
Takla-Trembleur-ESTu,20,1953,74127
Takla-Trembleur-ESTu,20,1954,18008
Takla-Trembleur-ESTu,20,1955,1394
Takla-Trembleur-ESTu,20,1956,18166
Takla-Trembleur-ESTu,20,1957,111850
Takla-Trembleur-ESTu,20,1958,21961
Takla-Trembleur-ESTu,20,1959,1306
Takla-Trembleur-ESTu,20,1960,7376
Takla-Trembleur-ESTu,20,1961,86359
Takla-Trembleur-ESTu,20,1962,14105
Takla-Trembleur-ESTu,20,1963,2590
Takla-Trembleur-ESTu,20,1964,1301
Takla-Trembleur-ESTu,20,1965,11172
Takla-Trembleur-ESTu,20,1966,6116
Takla-Trembleur-ESTu,20,1967,11169
Takla-Trembleur-ESTu,20,1968,790
Takla-Trembleur-ESTu,20,1969,48042
Takla-Trembleur-ESTu,20,1970,15685
Takla-Trembleur-ESTu,20,1971,45133
Takla-Trembleur-ESTu,20,1972,2253
Takla-Trembleur-ESTu,20,1973,149756
Takla-Trembleur-ESTu,20,1974,21493
Takla-Trembleur-ESTu,20,1975,25580
Takla-Trembleur-ESTu,20,1976,6758
Takla-Trembleur-ESTu,20,1977,51966
Takla-Trembleur-ESTu,20,1978,19744
Takla-Trembleur-ESTu,20,1979,35300
Takla-Trembleur-ESTu,20,1980,7331
Takla-Trembleur-ESTu,20,1981,70675
Takla-Trembleur-ESTu,20,1982,2157
Takla-Trembleur-ESTu,20,1983,13254
Takla-Trembleur-ESTu,20,1984,22005
Takla-Trembleur-ESTu,20,1985,116680
Takla-Trembleur-ESTu,20,1986,15137
Takla-Trembleur-ESTu,20,1987,71853
Takla-Trembleur-ESTu,20,1988,77898
Takla-Trembleur-ESTu,20,1989,207144
Takla-Trembleur-ESTu,20,1990,45423
Takla-Trembleur-ESTu,20,1991,79623
Takla-Trembleur-ESTu,20,1992,35749
Takla-Trembleur-ESTu,20,1993,379362
Takla-Trembleur-ESTu,20,1994,14434
Takla-Trembleur-ESTu,20,1995,54925
Takla-Trembleur-ESTu,20,1996,37811
Takla-Trembleur-ESTu,20,1997,68896
Takla-Trembleur-ESTu,20,1998,9222
Takla-Trembleur-ESTu,20,1999,7842
Takla-Trembleur-ESTu,20,2000,30214
Takla-Trembleur-ESTu,20,2001,76644
Takla-Trembleur-ESTu,20,2002,12197
Takla-Trembleur-ESTu,20,2003,6770
Takla-Trembleur-ESTu,20,2004,4935
Takla-Trembleur-ESTu,20,2005,48001
Takla-Trembleur-ESTu,20,2006,15602
Takla-Trembleur-ESTu,20,2007,2360
Takla-Trembleur-ESTu,20,2008,14026
Takla-Trembleur-ESTu,20,2009,21345
Takla-Trembleur-ESTu,20,2010,36131
Takla-Trembleur-ESTu,20,2011,233
Takla-Trembleur-ESTu,20,2012,6753
Takla-Trembleur-ESTu,20,2013,38609
Takla-Trembleur-ESTu,20,2014,24251
Takla-Trembleur-ESTu,20,2015,4694
Takla-Trembleur-Stuart-S,21,1950,NA
Takla-Trembleur-Stuart-S,21,1951,NA
Takla-Trembleur-Stuart-S,21,1952,NA
Takla-Trembleur-Stuart-S,21,1953,78613
Takla-Trembleur-Stuart-S,21,1954,2687
Takla-Trembleur-Stuart-S,21,1955,3274
Takla-Trembleur-Stuart-S,21,1956,451
Takla-Trembleur-Stuart-S,21,1957,296397
Takla-Trembleur-Stuart-S,21,1958,12531
Takla-Trembleur-Stuart-S,21,1959,4090
Takla-Trembleur-Stuart-S,21,1960,1307
Takla-Trembleur-Stuart-S,21,1961,194160
Takla-Trembleur-Stuart-S,21,1962,9006
Takla-Trembleur-Stuart-S,21,1963,1092
Takla-Trembleur-Stuart-S,21,1964,824
Takla-Trembleur-Stuart-S,21,1965,122780
Takla-Trembleur-Stuart-S,21,1966,4124
Takla-Trembleur-Stuart-S,21,1967,897
Takla-Trembleur-Stuart-S,21,1968,179
Takla-Trembleur-Stuart-S,21,1969,113877
Takla-Trembleur-Stuart-S,21,1970,8027
Takla-Trembleur-Stuart-S,21,1971,707
Takla-Trembleur-Stuart-S,21,1972,3375
Takla-Trembleur-Stuart-S,21,1973,115565
Takla-Trembleur-Stuart-S,21,1974,7371
Takla-Trembleur-Stuart-S,21,1975,5679
Takla-Trembleur-Stuart-S,21,1976,1674
Takla-Trembleur-Stuart-S,21,1977,74722
Takla-Trembleur-Stuart-S,21,1978,7075
Takla-Trembleur-Stuart-S,21,1979,16357
Takla-Trembleur-Stuart-S,21,1980,287
Takla-Trembleur-Stuart-S,21,1981,118846
Takla-Trembleur-Stuart-S,21,1982,8612
Takla-Trembleur-Stuart-S,21,1983,1423
Takla-Trembleur-Stuart-S,21,1984,659
Takla-Trembleur-Stuart-S,21,1985,158893
Takla-Trembleur-Stuart-S,21,1986,14775
Takla-Trembleur-Stuart-S,21,1987,2138
Takla-Trembleur-Stuart-S,21,1988,3433
Takla-Trembleur-Stuart-S,21,1989,323118
Takla-Trembleur-Stuart-S,21,1990,109845
Takla-Trembleur-Stuart-S,21,1991,38598
Takla-Trembleur-Stuart-S,21,1992,11454
Takla-Trembleur-Stuart-S,21,1993,1173510
Takla-Trembleur-Stuart-S,21,1994,39638
Takla-Trembleur-Stuart-S,21,1995,16610
Takla-Trembleur-Stuart-S,21,1996,27069
Takla-Trembleur-Stuart-S,21,1997,406868
Takla-Trembleur-Stuart-S,21,1998,67035
Takla-Trembleur-Stuart-S,21,1999,31925
Takla-Trembleur-Stuart-S,21,2000,216738
Takla-Trembleur-Stuart-S,21,2001,173757
Takla-Trembleur-Stuart-S,21,2002,15521
Takla-Trembleur-Stuart-S,21,2003,16592
Takla-Trembleur-Stuart-S,21,2004,46524
Takla-Trembleur-Stuart-S,21,2005,151169
Takla-Trembleur-Stuart-S,21,2006,12913
Takla-Trembleur-Stuart-S,21,2007,3200
Takla-Trembleur-Stuart-S,21,2008,53207
Takla-Trembleur-Stuart-S,21,2009,40186
Takla-Trembleur-Stuart-S,21,2010,43261
Takla-Trembleur-Stuart-S,21,2011,714
Takla-Trembleur-Stuart-S,21,2012,29414
Takla-Trembleur-Stuart-S,21,2013,68730
Takla-Trembleur-Stuart-S,21,2014,27304
Takla-Trembleur-Stuart-S,21,2015,4286
Taseko-ES,22,1950,250
Taseko-ES,22,1951,250
Taseko-ES,22,1952,1828
Taseko-ES,22,1953,2748
Taseko-ES,22,1954,1617
Taseko-ES,22,1955,2602
Taseko-ES,22,1956,1244
Taseko-ES,22,1957,2181
Taseko-ES,22,1958,4314
Taseko-ES,22,1959,7992
Taseko-ES,22,1960,1486
Taseko-ES,22,1961,40
Taseko-ES,22,1962,329
Taseko-ES,22,1963,16308
Taseko-ES,22,1964,225
Taseko-ES,22,1965,NA
Taseko-ES,22,1966,178
Taseko-ES,22,1967,2684
Taseko-ES,22,1968,NA
Taseko-ES,22,1969,NA
Taseko-ES,22,1970,NA
Taseko-ES,22,1971,NA
Taseko-ES,22,1972,NA
Taseko-ES,22,1973,NA
Taseko-ES,22,1974,NA
Taseko-ES,22,1975,NA
Taseko-ES,22,1976,NA
Taseko-ES,22,1977,NA
Taseko-ES,22,1978,NA
Taseko-ES,22,1979,NA
Taseko-ES,22,1980,NA
Taseko-ES,22,1981,NA
Taseko-ES,22,1982,NA
Taseko-ES,22,1983,NA
Taseko-ES,22,1984,NA
Taseko-ES,22,1985,NA
Taseko-ES,22,1986,NA
Taseko-ES,22,1987,NA
Taseko-ES,22,1988,NA
Taseko-ES,22,1989,NA
Taseko-ES,22,1990,NA
Taseko-ES,22,1991,NA
Taseko-ES,22,1992,NA
Taseko-ES,22,1993,NA
Taseko-ES,22,1994,100
Taseko-ES,22,1995,1067
Taseko-ES,22,1996,770
Taseko-ES,22,1997,113
Taseko-ES,22,1998,257
Taseko-ES,22,1999,533
Taseko-ES,22,2000,1738
Taseko-ES,22,2001,647
Taseko-ES,22,2002,730
Taseko-ES,22,2003,155
Taseko-ES,22,2004,249
Taseko-ES,22,2005,260
Taseko-ES,22,2006,1383
Taseko-ES,22,2007,85
Taseko-ES,22,2008,16
Taseko-ES,22,2009,20
Taseko-ES,22,2010,355
Taseko-ES,22,2011,447
Taseko-ES,22,2012,40
Taseko-ES,22,2013,68
Taseko-ES,22,2014,54
Taseko-ES,22,2015,482
Widgeon-L,24,1950,233
Widgeon-L,24,1951,364
Widgeon-L,24,1952,737
Widgeon-L,24,1953,690
Widgeon-L,24,1954,686
Widgeon-L,24,1955,49
Widgeon-L,24,1956,460
Widgeon-L,24,1957,561
Widgeon-L,24,1958,327
Widgeon-L,24,1959,296
Widgeon-L,24,1960,300
Widgeon-L,24,1961,610
Widgeon-L,24,1962,289
Widgeon-L,24,1963,166
Widgeon-L,24,1964,345
Widgeon-L,24,1965,151
Widgeon-L,24,1966,452
Widgeon-L,24,1967,533
Widgeon-L,24,1968,739
Widgeon-L,24,1969,318
Widgeon-L,24,1970,158
Widgeon-L,24,1971,245
Widgeon-L,24,1972,188
Widgeon-L,24,1973,205
Widgeon-L,24,1974,723
Widgeon-L,24,1975,566
Widgeon-L,24,1976,722
Widgeon-L,24,1977,228
Widgeon-L,24,1978,956
Widgeon-L,24,1979,374
Widgeon-L,24,1980,252
Widgeon-L,24,1981,275
Widgeon-L,24,1982,267
Widgeon-L,24,1983,541
Widgeon-L,24,1984,189
Widgeon-L,24,1985,315
Widgeon-L,24,1986,471
Widgeon-L,24,1987,665
Widgeon-L,24,1988,1338
Widgeon-L,24,1989,168
Widgeon-L,24,1990,NA
Widgeon-L,24,1991,340
Widgeon-L,24,1992,50
Widgeon-L,24,1993,NA
Widgeon-L,24,1994,64
Widgeon-L,24,1995,62
Widgeon-L,24,1996,24
Widgeon-L,24,1997,13
Widgeon-L,24,1998,18
Widgeon-L,24,1999,64
Widgeon-L,24,2000,4
Widgeon-L,24,2001,30
Widgeon-L,24,2002,240
Widgeon-L,24,2003,56
Widgeon-L,24,2004,NA
Widgeon-L,24,2005,102
Widgeon-L,24,2006,69
Widgeon-L,24,2007,65
Widgeon-L,24,2008,36
Widgeon-L,24,2009,803
Widgeon-L,24,2010,448
Widgeon-L,24,2011,726
Widgeon-L,24,2012,228
Widgeon-L,24,2013,729
Widgeon-L,24,2014,146
Widgeon-L,24,2015,58